name,place,title,time,pay,date
Assemble Digital,Americas Only/Europe Only/UK Only,Senior Fullstack Developer (Python & Vue.js),Contract,Negotiation,Limitless
Jibble Ltd,Anywhere in the World, Senior Full Stack Developer (.NET & Vue.js),Full-Time,Negotiation,Limitless
SocialHub,Anywhere in the World,Backend Javascript / Node.js Developer - Remote/SaaS (m/f/d),Full-Time,Negotiation,May 21
Aha!,North America Only/Latin America Only,Sr. Ruby on Rails Engineer (React.js),Full-Time,Negotiation,May 19
RemoteMore,Anywhere in the World,Full-stack JavaScript Developer (React or Vue or Angular.. with Node.js),Full-Time,Negotiation,May 11
Combined,Anywhere in the World,Full Stack Node.js Express React Developer - with share options,Contract,Negotiation,May 1
MailerLite,Anywhere in the World,Sr. Laravel and Vue.js developer,Full-Time,Negotiation,May 27
The Remote Company,Anywhere in the World,Laravel and Vue.js Developer,Full-Time,Negotiation,May 25
EasyPractice,Europe Only,Europe-based Experienced Full-stack Laravel and Vue.js developer for a fast-growing SaaS company,Full-Time,Negotiation,May 25
Olo,USA Only,"Senior Software Engineer, Full Stack - Node.js + Vue",Full-Time,Negotiation,May 9
Lynker,USA Only,Full Stack Developer (Node.js).,Contract,Negotiation,May 2
"Upstack Technologies, Inc.",Americas Only/Europe Only,React.js Software Developer - Remote,Full-Time,Negotiation,Limitless
Recordsure,Anywhere in the World,Senior Frontend Developer (ReactJS),Full-Time,Negotiation,May 18
Spline,Anywhere in the World,Senior Frontend Engineer (React/ThreeJS),Full-Time,Negotiation,May 14
Omure,Anywhere in the World,Senior Front-End Engineer - React.js / Next.js,Full-Time,Negotiation,May 12
SocialHub,Anywhere in the World,ReactJS Web Developer - Remote/SaaS (m/f/d),Full-Time,Negotiation,May 3
Chalkboard,UK Only,Senior JavaScript Developer / Lead Node.js / React Engineer,Full-Time,Negotiation,May 14
"SystemOne, LLC",Anywhere in the World,Senior NodeJS Engineer (REMOTE),Full-Time,Negotiation,Limitless
Contra,Anywhere in the World,Senior Node.js/GraphQL/PostgreSQL engineer,Full-Time,Negotiation,May 11
Merchstack,Asia Only/Africa Only,Senior NodeJS Developer,Full-Time,Negotiation,May 10
The Giving Block,Anywhere in the World,"Senior Backend Developer (TypeScript, NodeJS)",Full-Time,Negotiation,May 17
Chalkboard,Europe Only,JavaScript Developer / Node.js / React Engineer,Full-Time,Negotiation,May 14
Boldy,Europe Only/Africa Only,Back-End Developper Senior Typescript / JS,Full-Time,Negotiation,May 6
FingerprintJS,Anywhere in the World,Senior Infrastructure Engineer,Full-Time,Negotiation,May 13
FingerprintJS,Anywhere in the World,Developer Advocate,Full-Time,Negotiation,May 8
FingerprintJS,EMEA Only,Technical Recruiter -- EMEA,Full-Time,Negotiation,May 1
Assemble Digital,Americas Only/Europe Only/UK Only,Senior Fullstack Developer (Python & Vue.js),Contract,Negotiation,Limitless
Jibble Ltd,Anywhere in the World, Senior Full Stack Developer (.NET & Vue.js),Full-Time,Negotiation,Limitless
SocialHub,Anywhere in the World,Backend Javascript / Node.js Developer - Remote/SaaS (m/f/d),Full-Time,Negotiation,May 21
Aha!,North America Only/Latin America Only,Sr. Ruby on Rails Engineer (React.js),Full-Time,Negotiation,May 19
RemoteMore,Anywhere in the World,Full-stack JavaScript Developer (React or Vue or Angular.. with Node.js),Full-Time,Negotiation,May 11
Combined,Anywhere in the World,Full Stack Node.js Express React Developer - with share options,Contract,Negotiation,May 1
MailerLite,Anywhere in the World,Sr. Laravel and Vue.js developer,Full-Time,Negotiation,May 27
The Remote Company,Anywhere in the World,Laravel and Vue.js Developer,Full-Time,Negotiation,May 25
EasyPractice,Europe Only,Europe-based Experienced Full-stack Laravel and Vue.js developer for a fast-growing SaaS company,Full-Time,Negotiation,May 25
Olo,USA Only,"Senior Software Engineer, Full Stack - Node.js + Vue",Full-Time,Negotiation,May 9
Lynker,USA Only,Full Stack Developer (Node.js).,Contract,Negotiation,May 2
"Upstack Technologies, Inc.",Americas Only/Europe Only,React.js Software Developer - Remote,Full-Time,Negotiation,Limitless
Recordsure,Anywhere in the World,Senior Frontend Developer (ReactJS),Full-Time,Negotiation,May 18
Spline,Anywhere in the World,Senior Frontend Engineer (React/ThreeJS),Full-Time,Negotiation,May 14
Omure,Anywhere in the World,Senior Front-End Engineer - React.js / Next.js,Full-Time,Negotiation,May 12
SocialHub,Anywhere in the World,ReactJS Web Developer - Remote/SaaS (m/f/d),Full-Time,Negotiation,May 3
Chalkboard,UK Only,Senior JavaScript Developer / Lead Node.js / React Engineer,Full-Time,Negotiation,May 14
"SystemOne, LLC",Anywhere in the World,Senior NodeJS Engineer (REMOTE),Full-Time,Negotiation,Limitless
Contra,Anywhere in the World,Senior Node.js/GraphQL/PostgreSQL engineer,Full-Time,Negotiation,May 11
Merchstack,Asia Only/Africa Only,Senior NodeJS Developer,Full-Time,Negotiation,May 10
The Giving Block,Anywhere in the World,"Senior Backend Developer (TypeScript, NodeJS)",Full-Time,Negotiation,May 17
Chalkboard,Europe Only,JavaScript Developer / Node.js / React Engineer,Full-Time,Negotiation,May 14
Boldy,Europe Only/Africa Only,Back-End Developper Senior Typescript / JS,Full-Time,Negotiation,May 6
FingerprintJS,Anywhere in the World,Senior Infrastructure Engineer,Full-Time,Negotiation,May 13
FingerprintJS,Anywhere in the World,Developer Advocate,Full-Time,Negotiation,May 8
FingerprintJS,EMEA Only,Technical Recruiter -- EMEA,Full-Time,Negotiation,May 1
Assemble Digital,Americas Only/Europe Only/UK Only,Senior Fullstack Developer (Python & Vue.js),Contract,Negotiation,Limitless
Jibble Ltd,Anywhere in the World, Senior Full Stack Developer (.NET & Vue.js),Full-Time,Negotiation,Limitless
SocialHub,Anywhere in the World,Backend Javascript / Node.js Developer - Remote/SaaS (m/f/d),Full-Time,Negotiation,May 21
Aha!,North America Only/Latin America Only,Sr. Ruby on Rails Engineer (React.js),Full-Time,Negotiation,May 19
RemoteMore,Anywhere in the World,Full-stack JavaScript Developer (React or Vue or Angular.. with Node.js),Full-Time,Negotiation,May 11
Combined,Anywhere in the World,Full Stack Node.js Express React Developer - with share options,Contract,Negotiation,May 1
MailerLite,Anywhere in the World,Sr. Laravel and Vue.js developer,Full-Time,Negotiation,May 27
The Remote Company,Anywhere in the World,Laravel and Vue.js Developer,Full-Time,Negotiation,May 25
EasyPractice,Europe Only,Europe-based Experienced Full-stack Laravel and Vue.js developer for a fast-growing SaaS company,Full-Time,Negotiation,May 25
Olo,USA Only,"Senior Software Engineer, Full Stack - Node.js + Vue",Full-Time,Negotiation,May 9
Lynker,USA Only,Full Stack Developer (Node.js).,Contract,Negotiation,May 2
"Upstack Technologies, Inc.",Americas Only/Europe Only,React.js Software Developer - Remote,Full-Time,Negotiation,Limitless
Recordsure,Anywhere in the World,Senior Frontend Developer (ReactJS),Full-Time,Negotiation,May 18
Spline,Anywhere in the World,Senior Frontend Engineer (React/ThreeJS),Full-Time,Negotiation,May 14
Omure,Anywhere in the World,Senior Front-End Engineer - React.js / Next.js,Full-Time,Negotiation,May 12
SocialHub,Anywhere in the World,ReactJS Web Developer - Remote/SaaS (m/f/d),Full-Time,Negotiation,May 3
Chalkboard,UK Only,Senior JavaScript Developer / Lead Node.js / React Engineer,Full-Time,Negotiation,May 14
"SystemOne, LLC",Anywhere in the World,Senior NodeJS Engineer (REMOTE),Full-Time,Negotiation,Limitless
Contra,Anywhere in the World,Senior Node.js/GraphQL/PostgreSQL engineer,Full-Time,Negotiation,May 11
Merchstack,Asia Only/Africa Only,Senior NodeJS Developer,Full-Time,Negotiation,May 10
The Giving Block,Anywhere in the World,"Senior Backend Developer (TypeScript, NodeJS)",Full-Time,Negotiation,May 17
Chalkboard,Europe Only,JavaScript Developer / Node.js / React Engineer,Full-Time,Negotiation,May 14
Boldy,Europe Only/Africa Only,Back-End Developper Senior Typescript / JS,Full-Time,Negotiation,May 6
FingerprintJS,Anywhere in the World,Senior Infrastructure Engineer,Full-Time,Negotiation,May 13
FingerprintJS,Anywhere in the World,Developer Advocate,Full-Time,Negotiation,May 8
FingerprintJS,EMEA Only,Technical Recruiter -- EMEA,Full-Time,Negotiation,May 1
Assemble Digital,Americas Only/Europe Only/UK Only,Senior Fullstack Developer (Python & Vue.js),Contract,Negotiation,Limitless
Jibble Ltd,Anywhere in the World, Senior Full Stack Developer (.NET & Vue.js),Full-Time,Negotiation,Limitless
SocialHub,Anywhere in the World,Backend Javascript / Node.js Developer - Remote/SaaS (m/f/d),Full-Time,Negotiation,May 21
Aha!,North America Only/Latin America Only,Sr. Ruby on Rails Engineer (React.js),Full-Time,Negotiation,May 19
RemoteMore,Anywhere in the World,Full-stack JavaScript Developer (React or Vue or Angular.. with Node.js),Full-Time,Negotiation,May 11
Combined,Anywhere in the World,Full Stack Node.js Express React Developer - with share options,Contract,Negotiation,May 1
MailerLite,Anywhere in the World,Sr. Laravel and Vue.js developer,Full-Time,Negotiation,May 27
The Remote Company,Anywhere in the World,Laravel and Vue.js Developer,Full-Time,Negotiation,May 25
EasyPractice,Europe Only,Europe-based Experienced Full-stack Laravel and Vue.js developer for a fast-growing SaaS company,Full-Time,Negotiation,May 25
Olo,USA Only,"Senior Software Engineer, Full Stack - Node.js + Vue",Full-Time,Negotiation,May 9
Lynker,USA Only,Full Stack Developer (Node.js).,Contract,Negotiation,May 2
"Upstack Technologies, Inc.",Americas Only/Europe Only,React.js Software Developer - Remote,Full-Time,Negotiation,Limitless
Recordsure,Anywhere in the World,Senior Frontend Developer (ReactJS),Full-Time,Negotiation,May 18
Spline,Anywhere in the World,Senior Frontend Engineer (React/ThreeJS),Full-Time,Negotiation,May 14
Omure,Anywhere in the World,Senior Front-End Engineer - React.js / Next.js,Full-Time,Negotiation,May 12
SocialHub,Anywhere in the World,ReactJS Web Developer - Remote/SaaS (m/f/d),Full-Time,Negotiation,May 3
Chalkboard,UK Only,Senior JavaScript Developer / Lead Node.js / React Engineer,Full-Time,Negotiation,May 14
"SystemOne, LLC",Anywhere in the World,Senior NodeJS Engineer (REMOTE),Full-Time,Negotiation,Limitless
Contra,Anywhere in the World,Senior Node.js/GraphQL/PostgreSQL engineer,Full-Time,Negotiation,May 11
Merchstack,Asia Only/Africa Only,Senior NodeJS Developer,Full-Time,Negotiation,May 10
The Giving Block,Anywhere in the World,"Senior Backend Developer (TypeScript, NodeJS)",Full-Time,Negotiation,May 17
Chalkboard,Europe Only,JavaScript Developer / Node.js / React Engineer,Full-Time,Negotiation,May 14
Boldy,Europe Only/Africa Only,Back-End Developper Senior Typescript / JS,Full-Time,Negotiation,May 6
FingerprintJS,Anywhere in the World,Senior Infrastructure Engineer,Full-Time,Negotiation,May 13
FingerprintJS,Anywhere in the World,Developer Advocate,Full-Time,Negotiation,May 8
FingerprintJS,EMEA Only,Technical Recruiter -- EMEA,Full-Time,Negotiation,May 1
Assemble Digital,Americas Only/Europe Only/UK Only,Senior Fullstack Developer (Python & Vue.js),Contract,Negotiation,Limitless
Jibble Ltd,Anywhere in the World, Senior Full Stack Developer (.NET & Vue.js),Full-Time,Negotiation,Limitless
SocialHub,Anywhere in the World,Backend Javascript / Node.js Developer - Remote/SaaS (m/f/d),Full-Time,Negotiation,May 21
Aha!,North America Only/Latin America Only,Sr. Ruby on Rails Engineer (React.js),Full-Time,Negotiation,May 19
RemoteMore,Anywhere in the World,Full-stack JavaScript Developer (React or Vue or Angular.. with Node.js),Full-Time,Negotiation,May 11
Combined,Anywhere in the World,Full Stack Node.js Express React Developer - with share options,Contract,Negotiation,May 1
MailerLite,Anywhere in the World,Sr. Laravel and Vue.js developer,Full-Time,Negotiation,May 27
The Remote Company,Anywhere in the World,Laravel and Vue.js Developer,Full-Time,Negotiation,May 25
EasyPractice,Europe Only,Europe-based Experienced Full-stack Laravel and Vue.js developer for a fast-growing SaaS company,Full-Time,Negotiation,May 25
Olo,USA Only,"Senior Software Engineer, Full Stack - Node.js + Vue",Full-Time,Negotiation,May 9
Lynker,USA Only,Full Stack Developer (Node.js).,Contract,Negotiation,May 2
"Upstack Technologies, Inc.",Americas Only/Europe Only,React.js Software Developer - Remote,Full-Time,Negotiation,Limitless
Recordsure,Anywhere in the World,Senior Frontend Developer (ReactJS),Full-Time,Negotiation,May 18
Spline,Anywhere in the World,Senior Frontend Engineer (React/ThreeJS),Full-Time,Negotiation,May 14
Omure,Anywhere in the World,Senior Front-End Engineer - React.js / Next.js,Full-Time,Negotiation,May 12
SocialHub,Anywhere in the World,ReactJS Web Developer - Remote/SaaS (m/f/d),Full-Time,Negotiation,May 3
Chalkboard,UK Only,Senior JavaScript Developer / Lead Node.js / React Engineer,Full-Time,Negotiation,May 14
"SystemOne, LLC",Anywhere in the World,Senior NodeJS Engineer (REMOTE),Full-Time,Negotiation,Limitless
Contra,Anywhere in the World,Senior Node.js/GraphQL/PostgreSQL engineer,Full-Time,Negotiation,May 11
Merchstack,Asia Only/Africa Only,Senior NodeJS Developer,Full-Time,Negotiation,May 10
The Giving Block,Anywhere in the World,"Senior Backend Developer (TypeScript, NodeJS)",Full-Time,Negotiation,May 17
Chalkboard,Europe Only,JavaScript Developer / Node.js / React Engineer,Full-Time,Negotiation,May 14
Boldy,Europe Only/Africa Only,Back-End Developper Senior Typescript / JS,Full-Time,Negotiation,May 6
FingerprintJS,Anywhere in the World,Senior Infrastructure Engineer,Full-Time,Negotiation,May 13
FingerprintJS,Anywhere in the World,Developer Advocate,Full-Time,Negotiation,May 8
FingerprintJS,EMEA Only,Technical Recruiter -- EMEA,Full-Time,Negotiation,May 1
Assemble Digital,Americas Only/Europe Only/UK Only,Senior Fullstack Developer (Python & Vue.js),Contract,Negotiation,Limitless
Jibble Ltd,Anywhere in the World, Senior Full Stack Developer (.NET & Vue.js),Full-Time,Negotiation,Limitless
SocialHub,Anywhere in the World,Backend Javascript / Node.js Developer - Remote/SaaS (m/f/d),Full-Time,Negotiation,May 21
Aha!,North America Only/Latin America Only,Sr. Ruby on Rails Engineer (React.js),Full-Time,Negotiation,May 19
RemoteMore,Anywhere in the World,Full-stack JavaScript Developer (React or Vue or Angular.. with Node.js),Full-Time,Negotiation,May 11
Combined,Anywhere in the World,Full Stack Node.js Express React Developer - with share options,Contract,Negotiation,May 1
MailerLite,Anywhere in the World,Sr. Laravel and Vue.js developer,Full-Time,Negotiation,May 27
The Remote Company,Anywhere in the World,Laravel and Vue.js Developer,Full-Time,Negotiation,May 25
EasyPractice,Europe Only,Europe-based Experienced Full-stack Laravel and Vue.js developer for a fast-growing SaaS company,Full-Time,Negotiation,May 25
Olo,USA Only,"Senior Software Engineer, Full Stack - Node.js + Vue",Full-Time,Negotiation,May 9
Lynker,USA Only,Full Stack Developer (Node.js).,Contract,Negotiation,May 2
"Upstack Technologies, Inc.",Americas Only/Europe Only,React.js Software Developer - Remote,Full-Time,Negotiation,Limitless
Recordsure,Anywhere in the World,Senior Frontend Developer (ReactJS),Full-Time,Negotiation,May 18
Spline,Anywhere in the World,Senior Frontend Engineer (React/ThreeJS),Full-Time,Negotiation,May 14
Omure,Anywhere in the World,Senior Front-End Engineer - React.js / Next.js,Full-Time,Negotiation,May 12
SocialHub,Anywhere in the World,ReactJS Web Developer - Remote/SaaS (m/f/d),Full-Time,Negotiation,May 3
Chalkboard,UK Only,Senior JavaScript Developer / Lead Node.js / React Engineer,Full-Time,Negotiation,May 14
"SystemOne, LLC",Anywhere in the World,Senior NodeJS Engineer (REMOTE),Full-Time,Negotiation,Limitless
Contra,Anywhere in the World,Senior Node.js/GraphQL/PostgreSQL engineer,Full-Time,Negotiation,May 11
Merchstack,Asia Only/Africa Only,Senior NodeJS Developer,Full-Time,Negotiation,May 10
The Giving Block,Anywhere in the World,"Senior Backend Developer (TypeScript, NodeJS)",Full-Time,Negotiation,May 17
Chalkboard,Europe Only,JavaScript Developer / Node.js / React Engineer,Full-Time,Negotiation,May 14
Boldy,Europe Only/Africa Only,Back-End Developper Senior Typescript / JS,Full-Time,Negotiation,May 6
FingerprintJS,Anywhere in the World,Senior Infrastructure Engineer,Full-Time,Negotiation,May 13
FingerprintJS,Anywhere in the World,Developer Advocate,Full-Time,Negotiation,May 8
FingerprintJS,EMEA Only,Technical Recruiter -- EMEA,Full-Time,Negotiation,May 1
